{"stat.flyOneCm":15498,"stat.deaths":1,"stat.walkOneCm":2815,"stat.pickup.minecraft.wheat_seeds":3,"stat.mineBlock.minecraft.leaves":8,"stat.jump":111,"stat.swimOneCm":4607,"stat.playOneMinute":15379,"stat.fallOneCm":3895,"stat.climbOneCm":1261,"stat.leaveGame":2,"stat.sneakTime":41,"stat.entityKilledBy.Skeleton":1,"stat.damageTaken":250,"stat.damageDealt":40,"stat.timeSinceDeath":0,"stat.pickup.minecraft.sapling":1,"stat.sprintOneCm":10845,"stat.mineBlock.minecraft.tallgrass":2,"stat.diveOneCm":1718}