{"stat.pickup.minecraft.sand":4,"stat.walkOneCm":22328,"stat.craftItem.minecraft.planks":28,"stat.mineBlock.minecraft.vine":1,"stat.pickup.minecraft.crafting_table":1,"stat.mineBlock.minecraft.crafting_table":1,"stat.damageTaken":80,"stat.craftItem.minecraft.crafting_table":1,"stat.mineBlock.minecraft.red_flower":1,"stat.mineBlock.minecraft.double_plant":2,"stat.mobKills":17,"stat.mineBlock.minecraft.log":7,"stat.useItem.minecraft.porkchop":5,"stat.pickup.minecraft.log":7,"stat.flyOneCm":77402,"stat.pickup.minecraft.wheat_seeds":1,"stat.jump":401,"stat.mineBlock.minecraft.leaves":4,"stat.mineBlock.minecraft.sand":4,"stat.useItem.minecraft.sand":4,"stat.swimOneCm":2008,"stat.playOneMinute":10141,"stat.fallOneCm":11661,"stat.climbOneCm":1427,"stat.pickup.minecraft.red_flower":1,"stat.sneakTime":224,"stat.damageDealt":1700,"stat.pickup.minecraft.porkchop":42,"stat.crouchOneCm":506,"stat.timeSinceDeath":10141,"stat.useItem.minecraft.wooden_axe":32,"stat.pickup.minecraft.dirt":4,"stat.useItem.minecraft.dirt":3,"stat.sprintOneCm":45383,"stat.mineBlock.minecraft.dirt":4,"stat.useItem.minecraft.crafting_table":1,"stat.killEntity.Pig":17,"stat.mineBlock.minecraft.tallgrass":18,"stat.diveOneCm":295,"stat.craftItem.minecraft.stick":20,"stat.craftItem.minecraft.wooden_axe":1,"stat.craftingTableInteraction":1}